Horizon,Stock_Accuracy,Forex_Accuracy
15,44.09119302718112,46.744419953928954
30,49.50321142644308,54.53094724453557
180,85.0,84.75120713368489
365,72.21995777601457,88.0
