Horizon,Stock_Accuracy,Forex_Accuracy
15,37.62306406258803,49.491855360969716
30,52.299040079136056,56.28830978135377
180,85.0,84.8260674825076
365,72.41689390762303,88.0
