Horizon,Stock_Accuracy,Forex_Accuracy
15,32.2207936365364,30.784032000775383
30,45.60711308811699,43.75064380413408
180,80.82799130955615,69.8152750681763
365,78.19301440608955,80.26872177791832
